"['Hour', 'Derated ET', 'Temperature', 'Humidity']"
"[14, 0.01526292244499573, 73.4, 54]"
"[15, 0.015088195386702849, 77, 56]"
