"['Hour', 'Derated ET', 'Temperature', 'Humidity']"
"[18, 0.01361074769072303, 74.83076923076918, 56.2991452991453]"
"[19, 0.0, 76.71039603960396, 55.12623762376238]"
"[20, 0.0, 77.03479381443323, 55.777061855670105]"
"[21, 0.0, 78.2802500000011, 59.33125]"
"[22, 0.0, 75.6610837438416, 58.31527093596059]"
